{
 "Frequency bit test": 0.8596837951986662,
 "Consecutive bits test": 0.5977098069466218,
 "Longest sequence of ones test": 0.8392985615580929
}