{"1": 81.38263654708862, "2": 45.43703079223633, "3": 36.51107144355774, "4": 29.975748538970947, "5": 25.144460201263428, "6": 24.456990718841553, "7": 23.91866707801819, "8": 21.7206027507782, "9": 20.895768642425537, "10": 22.411911487579346}